{
  "crop": [
    0,
    0,
    0,
    0
  ],
  "done": {
    "variables": {
      "ingame": {
        "op": "equal"
      }
    }
  },
  "reward": {
    "variables": {
      "time": {
        "reward": 0.009999999776482582
      },
      "y": {
        "reward": -0.0010000000474974513
      }
    }
  }
}
