{
  "crop": [
    0,
    0,
    0,
    0
  ],
  "done": {
    "variables": {
      "ingame": {
        "op": "equal"
      }
    }
  },
  "reward": {
    "variables": {
      "score": {
        "reward": 0.0006600000197067857
      },
      "time": {
        "reward": 0.000020000000949949026
      }
    }
  }
}
